ID,TopGroup,SubGroup,treatment,Mean_Perc,se,Low_Perc,High_Perc,col,obs,n_study
7,texture,Coarse,Overall,5.50069675714815,3.65902563784587,1.84167111930228,9.15972239499402,#bf63bf,81,25
6,texture,Medium,Overall,8.75641565451724,2.14340825135148,6.61300740316577,10.8998239058687,#bf63bf,87,23
5,texture,Fine,Overall,9.85557349392391,1.96970684783638,7.88586664608754,11.8252803417603,#bf63bf,184,44
