ID,TopGroup,SubGroup,treatment,Mean_Perc,se,Low_Perc,High_Perc,col,obs,n_study
7,aridity,Short,Semi-Arid,11.890105717069,2.33926234858154,9.55084336848742,14.2293680656505,orange,58,16
6,aridity,Medium,Semi-Arid,0.157550043517243,6.22936182572536,-6.07181178220812,6.3869118692426,orange,29,9
5,aridity,Long,Semi-Arid,64.18589653,0,64.18589653,64.18589653,orange,12,1
3,aridity,Short,Sprinkler,7.07793333935484,2.50159272639803,4.57634061295681,9.57952606575287,cadetblue,31,8
2,aridity,Medium,Sprinkler,12.87639732625,3.2805425542109,9.5958547720391,16.1569398804609,cadetblue,24,7
1,aridity,Long,Sprinkler,64.18589653,0,64.18589653,64.18589653,cadetblue,12,1
