ID,TopGroup,SubGroup,treatment,Mean_Perc,se,Low_Perc,High_Perc,col,obs,n_study
7,aridity,Short Duration,Semi-Arid,11.0729984138197,2.27128800729496,8.80171040652472,13.3442864211146,orange,61,17
6,aridity,Medium Duration,Semi-Arid,8.2703463840625,5.55940291786021,2.7109434662023,13.8297493019227,orange,32,12
5,aridity,Long Duration,Semi-Arid,-38.21434626,0,-38.21434626,-38.21434626,orange,12,1
3,aridity,Short Duration,Sprinkler,4.41054059935714,2.70600831665078,1.70453228270636,7.11654891600793,cadetblue,42,11
2,aridity,Medium Duration,Sprinkler,12.87639732625,3.2805425542109,9.5958547720391,16.1569398804609,cadetblue,24,7
1,aridity,Long Duration,Sprinkler,-13.048549496,12.995561568135,-26.044111064135,-0.0529879278649972,cadetblue,15,2
