ID,TopGroup,SubGroup,treatment,Mean_Perc,se,Low_Perc,High_Perc,col,obs,n_study
7,aridity,Short,Semi-Arid,11.0729984138197,2.27128800729496,8.80171040652472,13.3442864211146,orange,61,17
6,aridity,Medium,Semi-Arid,2.7813985760625,6.56665384241616,-3.78525526635366,9.34805241847866,orange,32,12
5,aridity,Long,Semi-Arid,64.18589653,0,64.18589653,64.18589653,orange,12,1
3,aridity,Short,Sprinkler,4.41054059935714,2.70600831665078,1.70453228270636,7.11654891600793,cadetblue,42,11
2,aridity,Medium,Sprinkler,12.87639732625,3.2805425542109,9.5958547720391,16.1569398804609,cadetblue,24,7
1,aridity,Long,Sprinkler,68.871644736,2.41970996884791,66.4519347671521,71.2913547048479,cadetblue,15,2
