ID,TopGroup,SubGroup,treatment,Mean_Perc,se,Low_Perc,High_Perc,col,obs,n_study
11,freshity,fresh,0 - 10 cm,10.9401553705,2.16742530472639,8.77273006577362,13.1075806752264,orange,146,34
10,freshity,waste,0 - 10 cm,25.2063050452,7.94899137930029,17.2573136658997,33.1552964245003,orange,30,11
8,freshity,fresh,10 - 20 cm,-0.592407574684211,1.89622139004928,-2.48862896473349,1.30381381536507,orange,38,11
7,freshity,waste,10 - 20 cm,44.07742564,10.4550261750694,33.6223994649306,54.5324518150694,orange,7,2
5,freshity,fresh,20 - 30 cm,1.4043467559589,1.93324239148064,-0.528895635521732,3.33758914743954,orange,73,17
4,freshity,waste,20 - 30 cm,20.7379396172727,12.4334709794598,8.30446863781289,33.1714105967326,orange,11,4
2,freshity,fresh,30+ cm,2.155427872875,3.1856088888041,-1.0301810159291,5.3410367616791,orange,40,12
1,freshity,waste,30+ cm,17.1855888958182,12.1037190613814,5.08186983443677,29.2893079571996,orange,11,4
